{
  "cols": [
    "PERIODO",
    "SUPERFICIE PLANTACION"
  ],
  "mean": [
    2011.880958561413,
    8.457689798665442
  ],
  "std": [
    121.62872342672736,
    57.16891506037827
  ]
}